id,clip_count
45001,53.043037
45002,40.132328
45003,36.474735
45004,32.989628
45005,22.55371
45006,52.499348
45007,51.22273
45008,57.329884
45009,56.96497
45010,19.672838
45011,17.36993
45012,30.460876
45013,49.63176
45014,21.668144
45015,16.092104
45016,17.539963
45017,45.43349
45018,20.643415
45019,49.891937
45020,45.59499
45021,42.968273
45022,38.32893
45023,43.838745
45024,51.05116
45025,45.601353
45026,17.922955
45027,35.319195
45028,48.14622
45029,60.579136
45030,29.906858
45031,58.505547
45032,62.782696
45033,16.32755
45034,18.94077
45035,16.078915
45036,28.989119
45037,16.366787
45038,20.444777
45039,28.50181
45040,25.09424
45041,40.449413
45042,48.183365
45043,42.00398
45044,48.44662
45045,53.50248
45046,50.684704
45047,56.82505
45048,32.60962
45049,43.587727
45050,56.38169
45051,61.675953
45052,19.166414
45053,52.03912
45054,35.974403
45055,41.957882
45056,37.75578
45057,62.31023
45058,54.19396
45059,35.049477
45060,24.936792
45061,40.46374
45062,57.248386
45063,18.577848
45064,43.600464
45065,28.633493
45066,16.768171
45067,21.684563
45068,27.258894
45069,32.574352
45070,47.556805
45071,22.83535
45072,34.68864
45073,32.09325
45074,48.66743
45075,57.889988
45076,16.77975
45077,25.988844
45078,55.827763
45079,19.449814
45080,34.36587
45081,59.417625
45082,21.524818
45083,19.108282
45084,34.551533
45085,16.83335
45086,19.75697
45087,43.04817
45088,16.581898
45089,22.372066
45090,17.402807
45091,24.746477
45092,48.71234
45093,24.689445
45094,34.97067
45095,24.812788
45096,54.70473
45097,23.730288
45098,32.560528
45099,48.252087
45100,35.32919
45101,15.877427
45102,54.189175
45103,18.323019
45104,54.681362
45105,35.725502
45106,43.978455
45107,33.43752
45108,27.252266
45109,24.747065
45110,46.71575
45111,29.504782
45112,31.703207
45113,21.24289
45114,54.581875
45115,22.918499
45116,48.515945
45117,55.65971
45118,30.582516
45119,38.685658
45120,17.521614
45121,26.474173
45122,21.96266
45123,54.385777
45124,47.87336
45125,22.687395
45126,22.315332
45127,62.313847
45128,20.577831
45129,18.932432
45130,21.326504
45131,18.603815
45132,26.670465
45133,54.487446
45134,59.039165
45135,19.957693
45136,16.37221
45137,16.974928
45138,18.391064
45139,16.47006
45140,33.85027
45141,55.78616
45142,52.687046
45143,19.40584
45144,57.57559
45145,56.138744
45146,57.780697
45147,31.592602
45148,52.080532
45149,48.616962
45150,24.373474
45151,48.057552
45152,32.603294
45153,31.780245
45154,21.854929
45155,33.802734
45156,39.392155
45157,53.811764
45158,26.754456
45159,38.921925
45160,33.62373
45161,61.285923
45162,37.7662
45163,38.27992
45164,53.180096
45165,16.537321
45166,31.609194
45167,58.818386
45168,40.809376
45169,63.75377
45170,49.78332
45171,37.960087
45172,17.806837
45173,36.78743
45174,37.518757
45175,15.877427
45176,25.13579
45177,22.176039
45178,16.73856
45179,32.013367
45180,17.837954
45181,20.214369
45182,44.007023
45183,25.75517
45184,19.169561
45185,18.600733
45186,51.314228
45187,15.877427
45188,49.3295
45189,40.003628
45190,37.20978
45191,60.484257
45192,57.760475
45193,33.236065
45194,49.815212
45195,34.679195
45196,55.262196
45197,61.422924
45198,16.785036
45199,46.308727
45200,44.864796
45201,26.969063
45202,18.42099
45203,18.426882
45204,35.293926
45205,40.74796
45206,17.5423
45207,30.591263
45208,24.106096
45209,18.382872
45210,16.822609
45211,52.02711
45212,26.36922
45213,56.23742
45214,57.755276
45215,22.9233
45216,25.880856
45217,51.058956
45218,40.970127
45219,28.011206
45220,62.482414
45221,15.877427
45222,25.938425
45223,28.767536
45224,20.45078
45225,59.183132
45226,59.273785
45227,23.579824
45228,56.386982
45229,16.491812
45230,58.992096
45231,41.04614
45232,17.837503
45233,26.394314
45234,20.469404
45235,57.166424
45236,29.254225
45237,28.091276
45238,43.792477
45239,28.521902
45240,21.152132
45241,15.877427
45242,59.760582
45243,33.576653
45244,49.83142
45245,44.06328
45246,37.295033
45247,59.074657
45248,27.98271
45249,33.775867
45250,25.922495
45251,20.811367
45252,23.97572
45253,24.296965
45254,32.39448
45255,31.55026
45256,60.348045
45257,58.17017
45258,20.911589
45259,21.963552
45260,59.390545
45261,28.19074
45262,23.838812
45263,17.462177
45264,30.34461
45265,43.051422
45266,18.387724
45267,59.04569
45268,29.027897
45269,21.88907
45270,40.249657
45271,28.466516
45272,21.81957
45273,61.11085
45274,26.390976
45275,21.088549
45276,57.117184
45277,62.404266
45278,52.79963
45279,25.087389
45280,42.06281
45281,16.822693
45282,31.414068
45283,40.981823
45284,47.420227
45285,20.25394
45286,17.9126
45287,18.689487
45288,29.119146
45289,25.334755
45290,37.582825
45291,47.549644
45292,19.307255
45293,40.254578
45294,15.877427
45295,17.771162
45296,25.812647
45297,31.477196
45298,45.49004
45299,32.752834
45300,56.693798
45301,17.04683
45302,18.743586
45303,32.658558
45304,18.845661
45305,48.297554
45306,47.394314
45307,16.75305
45308,59.66447
45309,32.15434
45310,20.222635
45311,17.832802
45312,23.902025
45313,53.528458
45314,32.712276
45315,53.628754
45316,21.150663
45317,33.994534
45318,55.988644
45319,57.152836
45320,34.048786
45321,56.03932
45322,19.909063
45323,54.305084
45324,47.60033
45325,29.69304
45326,43.690475
45327,39.05474
45328,59.62637
45329,63.884003
45330,37.574947
45331,49.120735
45332,46.61102
45333,31.618114
45334,40.020866
45335,34.156063
45336,29.250385
45337,22.0973
45338,49.16051
45339,18.063505
45340,27.828772
45341,34.717968
45342,17.129774
45343,32.16654
45344,23.01325
45345,16.40325
45346,24.228
45347,21.683508
45348,16.437395
45349,59.005566
45350,20.433496
45351,22.365995
45352,56.20669
45353,20.452166
45354,21.530535
45355,47.575504
45356,42.197384
45357,31.31894
45358,38.49871
45359,28.577435
45360,34.12329
45361,23.965721
45362,44.668056
45363,47.711124
45364,64.82504
45365,43.94255
45366,21.375814
45367,64.65689
45368,30.523825
45369,28.370653
45370,19.953558
45371,40.774998
45372,30.913876
45373,45.205532
45374,30.342525
45375,16.727587
45376,16.890764
45377,24.884012
45378,46.015102
45379,33.66158
45380,37.618137
45381,17.308897
45382,57.977238
45383,30.291285
45384,28.022003
45385,19.681608
45386,31.400545
45387,36.78088
45388,40.37106
45389,16.744505
45390,15.877427
45391,19.587486
45392,39.53536
45393,55.466763
45394,39.352413
45395,24.275465
45396,43.587063
45397,22.734566
45398,34.390846
45399,55.54769
45400,55.97804
45401,23.56721
45402,28.934084
45403,16.029573
45404,21.59818
45405,47.352287
45406,23.50233
45407,60.352955
45408,40.942127
45409,37.60038
45410,18.821444
45411,16.820433
45412,46.883686
45413,19.611252
45414,16.649855
45415,50.710014
45416,46.23887
45417,21.188765
45418,53.163303
45419,48.085205
45420,32.16049
45421,61.700924
45422,30.122023
45423,51.003017
45424,63.607555
45425,17.02075
45426,51.44692
45427,62.849514
45428,49.727253
45429,48.058167
45430,17.327335
45431,17.67544
45432,54.62829
45433,22.22625
45434,15.877427
45435,31.283884
45436,34.80016
45437,36.0913
45438,48.010456
45439,23.609442
45440,35.648746
45441,32.8717
45442,55.105446
45443,31.509195
45444,39.722424
45445,46.419964
45446,52.37204
45447,23.126635
45448,34.272373
45449,40.784073
45450,63.36725
45451,20.02406
45452,16.175995
45453,15.877427
45454,16.617434
45455,29.113398
45456,36.340084
45457,44.851166
45458,31.638885
45459,50.0079
45460,18.488873
45461,23.958456
45462,19.503344
45463,22.835566
45464,42.735302
45465,45.16846
45466,18.122839
45467,26.707796
45468,22.423773
45469,17.348875
45470,38.50906
45471,28.268242
45472,59.197414
45473,51.169365
45474,16.352102
45475,20.972267
45476,40.187496
45477,30.239573
45478,50.060497
45479,19.320704
45480,40.599857
45481,16.95498
45482,52.53031
45483,38.716534
45484,53.912937
45485,55.69058
45486,17.859724
45487,45.674683
45488,23.959524
45489,17.957832
45490,51.861504
45491,50.240105
45492,16.50157
45493,61.020054
45494,16.202425
45495,48.19244
45496,17.749937
45497,16.123817
45498,42.033314
45499,16.563171
45500,39.386074
45501,21.884237
45502,41.333622
45503,35.098125
45504,26.870192
45505,55.91881
45506,41.148342
45507,33.292103
45508,21.525526
45509,43.598698
45510,49.419956
45511,24.775614
45512,40.24956
45513,16.989992
45514,40.893124
45515,32.52091
45516,48.00401
45517,62.28274
45518,44.67278
45519,24.295753
45520,30.184904
45521,59.86231
45522,19.792248
45523,18.487335
45524,34.183163
45525,24.979815
45526,20.150724
45527,43.925163
45528,52.193172
45529,32.04106
45530,27.077541
45531,45.690495
45532,59.55991
45533,27.867075
45534,47.227764
45535,39.38715
45536,37.26816
45537,41.97468
45538,18.05626
45539,19.577255
45540,29.51821
45541,56.14046
45542,62.11241
45543,18.459776
45544,20.24152
45545,17.888124
45546,40.36987
45547,31.921915
45548,23.326128
45549,17.180063
45550,28.729076
45551,18.85928
45552,54.885723
45553,18.496124
45554,34.466892
45555,28.394707
45556,23.998632
45557,25.151289
45558,19.564745
45559,23.013351
45560,43.763184
45561,53.633987
45562,26.232391
45563,23.983553
45564,59.124348
45565,37.877308
45566,16.376854
45567,36.73714
45568,29.013517
45569,46.04575
45570,17.674452
45571,58.280827
45572,17.696604
45573,53.71986
45574,21.21783
45575,42.190945
45576,29.071928
45577,34.724056
45578,60.203136
45579,37.29914
45580,53.496655
45581,38.28583
45582,25.53468
45583,21.296682
45584,25.084642
45585,33.91268
45586,44.659996
45587,52.381744
45588,16.385895
45589,29.041708
45590,60.406185
45591,59.785603
45592,53.446236
45593,29.312107
45594,31.736967
45595,36.767376
45596,24.006369
45597,47.870216
45598,51.6674
45599,55.581017
45600,25.84566
45601,26.945202
45602,37.1659
45603,24.402018
45604,38.51653
45605,45.62189
45606,56.547882
45607,44.977802
45608,17.081089
45609,25.708954
45610,17.535503
45611,26.903109
45612,20.797525
45613,54.35742
45614,16.620636
45615,30.374552
45616,21.607754
45617,20.764708
45618,18.152151
45619,39.05026
45620,24.307735
45621,28.329306
45622,48.270344
45623,55.592167
45624,48.68184
45625,44.519558
45626,18.97989
45627,29.682295
45628,17.347
45629,43.7626
45630,39.827965
45631,17.81711
45632,15.877427
45633,19.510313
45634,28.45508
45635,49.301216
45636,32.19941
45637,52.09335
45638,32.014202
45639,28.311049
45640,32.50151
45641,43.57839
45642,24.189539
45643,30.510479
45644,16.376713
45645,45.0946
45646,26.575392
45647,43.155853
45648,22.523945
45649,57.623135
45650,21.05536
45651,58.685673
45652,43.940407
45653,28.639174
45654,24.665827
45655,20.429976
45656,57.59795
45657,59.758648
45658,17.454962
45659,27.434454
45660,40.108402
45661,52.438915
45662,33.52823
45663,30.700277
45664,19.546654
45665,31.802965
45666,28.228783
45667,64.89574
45668,27.001461
45669,17.24747
45670,18.757923
45671,21.346577
45672,46.75794
45673,51.592182
45674,27.668829
45675,16.628965
45676,44.33294
45677,28.31358
45678,54.72684
45679,38.120853
45680,34.782425
45681,22.275099
45682,47.920902
45683,51.843697
45684,27.770945
45685,63.197876
45686,24.80819
45687,28.994072
45688,23.023607
45689,43.56387
45690,56.290447
45691,46.505543
45692,44.827816
45693,29.927294
45694,43.54327
45695,15.877427
45696,44.524273
45697,36.583046
45698,26.728697
45699,46.66318
45700,17.641775
45701,29.030737
45702,24.684782
45703,19.383268
45704,55.479492
45705,37.64654
45706,32.176994
45707,56.157715
45708,18.734503
45709,38.823658
45710,49.068058
45711,36.79085
45712,20.462652
45713,43.893536
45714,34.086533
45715,52.670902
45716,29.487146
45717,55.4678
45718,18.117258
45719,57.754963
45720,37.13063
45721,39.24273
45722,22.800035
45723,29.406967
45724,30.090338
45725,30.81112
45726,16.634562
45727,42.65518
45728,49.828827
45729,44.059616
45730,43.811214
45731,36.29179
45732,43.392
45733,48.055843
45734,40.62191
45735,15.877428
45736,45.718983
45737,29.369959
45738,30.8262
45739,56.40485
45740,32.01344
45741,56.63889
45742,42.25681
45743,41.722225
45744,33.788307
45745,20.820639
45746,20.815077
45747,64.83893
45748,16.365713
45749,21.699903
45750,26.622437
45751,43.77286
45752,58.502197
45753,60.95694
45754,52.73483
45755,33.612167
45756,20.071852
45757,24.72209
45758,45.08152
45759,17.064835
45760,24.21794
45761,16.289705
45762,30.03895
45763,16.094484
45764,46.146885
45765,55.814804
45766,15.877427
45767,31.288324
45768,19.341959
45769,63.852406
45770,34.740276
45771,16.961329
45772,56.056698
45773,18.01639
45774,44.530476
45775,17.535093
45776,17.295927
45777,46.602573
45778,46.148685
45779,58.915817
45780,18.199003
45781,58.627316
45782,27.02115
45783,41.34373
45784,43.059277
45785,50.77553
45786,27.59009
45787,49.499874
45788,41.686592
45789,38.531162
45790,55.272556
45791,20.949753
45792,25.59036
45793,61.793377
45794,49.738083
45795,60.667362
45796,62.165424
45797,61.18806
45798,21.843637
45799,34.48685
45800,51.815685
45801,59.649303
45802,16.432503
45803,17.167543
45804,53.082645
45805,37.181183
45806,62.33917
45807,16.845606
45808,26.571665
45809,47.41786
45810,25.348726
45811,62.52265
45812,33.65581
45813,49.472218
45814,48.88946
45815,54.47953
45816,27.816647
45817,34.180714
45818,41.96593
45819,29.075396
45820,33.867847
45821,46.249424
45822,17.077793
45823,44.30913
45824,31.331156
45825,17.436766
45826,26.170897
45827,19.55585
45828,30.548672
45829,57.55209
45830,57.255947
45831,56.848675
45832,18.16203
45833,17.069735
45834,21.660892
45835,28.367964
45836,46.925884
45837,26.084108
45838,35.41113
45839,62.337658
45840,39.864555
45841,20.742441
45842,37.193096
45843,24.1314
45844,54.80228
45845,33.592564
45846,23.01774
45847,16.67974
45848,49.06464
45849,61.925602
45850,48.243786
45851,55.133812
45852,46.627193
45853,38.91191
45854,17.687084
45855,22.067701
45856,54.96822
45857,52.806347
45858,23.644762
45859,55.87735
45860,40.093258
45861,22.73686
45862,48.354256
45863,21.145264
45864,39.129227
45865,44.52254
45866,50.9576
45867,41.597687
45868,54.39365
45869,55.04291
45870,17.156881
45871,19.89802
45872,18.597807
45873,28.45394
45874,25.020285
45875,39.006573
45876,58.55038
45877,18.044128
45878,22.447447
45879,21.36851
45880,58.86945
45881,31.233397
45882,20.889235
45883,41.212017
45884,54.619617
45885,49.71198
45886,31.080572
45887,56.26723
45888,28.264996
45889,46.350605
45890,57.049114
45891,16.320469
45892,46.38357
45893,52.25314
45894,34.841286
45895,23.659662
45896,48.37079
45897,16.778193
45898,43.29137
45899,53.16888
45900,40.035973
45901,23.946466
45902,57.4426
45903,44.785587
45904,24.18566
45905,46.55289
45906,61.124424
45907,36.81477
45908,17.616243
45909,27.901136
45910,53.85401
45911,41.273792
45912,57.421337
45913,22.937033
45914,47.152355
45915,52.545475
45916,17.95395
45917,19.571623
45918,56.46915
45919,18.082142
45920,48.31364
45921,35.771294
45922,27.160036
45923,20.267004
45924,34.123238
45925,60.919704
45926,25.977053
45927,42.23115
45928,60.076088
45929,52.183743
45930,17.375917
45931,56.671505
45932,29.829016
45933,25.529795
45934,17.441393
45935,55.398605
45936,50.570854
45937,56.615612
45938,32.387424
45939,33.101425
45940,53.831028
45941,50.967594
45942,42.42448
45943,46.49732
45944,20.883577
45945,35.52792
45946,18.335646
45947,25.094675
45948,16.092766
45949,32.431072
45950,36.627094
45951,19.55371
45952,49.95637
45953,46.41061
45954,22.540178
45955,26.595541
45956,34.274616
45957,59.256313
45958,57.73749
45959,19.623161
45960,52.50066
45961,25.836977
45962,42.133526
45963,57.471363
45964,16.575148
45965,26.694847
45966,36.502796
45967,26.44798
45968,38.7311
45969,51.124897
45970,16.753517
45971,35.746677
45972,55.374805
45973,34.85037
45974,51.61854
45975,31.843845
45976,37.43732
45977,51.200615
45978,29.033796
45979,53.86952
45980,17.196579
45981,50.17413
45982,43.59714
45983,16.139656
45984,36.561375
45985,24.214289
45986,60.303883
45987,42.582302
45988,63.560833
45989,23.566544
45990,27.584587
45991,17.948437
45992,31.1789
45993,36.659702
45994,47.236286
45995,27.631989
45996,30.104904
45997,22.93392
45998,33.63167
45999,59.032635
46000,24.127775
46001,33.521786
46002,36.93088
46003,55.55804
46004,30.915123
46005,19.773226
46006,47.67232
46007,30.551287
46008,43.451878
46009,56.50855
46010,45.862083
46011,17.46984
46012,27.336412
46013,42.29636
46014,60.033947
46015,55.6322
46016,33.652187
46017,21.815851
46018,30.9434
46019,20.487694
46020,37.517757
46021,52.902966
46022,24.748396
46023,33.06677
46024,31.437449
46025,19.381376
46026,21.628931
46027,17.190784
46028,35.331486
46029,39.90144
46030,32.452965
46031,17.58768
46032,33.033367
46033,54.455727
46034,23.415453
46035,36.3895
46036,17.358343
46037,45.194736
46038,21.641912
46039,26.223602
46040,51.335285
46041,23.128803
46042,45.73647
46043,59.472805
46044,26.967424
46045,21.900082
46046,40.690113
46047,27.665802
46048,20.233376
46049,50.339848
46050,27.644499
46051,19.536188
46052,20.519827
46053,23.454351
46054,46.946697
46055,21.572065
46056,24.60591
46057,18.955976
46058,22.75451
46059,23.67766
46060,18.394001
46061,20.065325
46062,41.67734
46063,17.93736
46064,38.758076
46065,16.105852
46066,19.008677
46067,23.371578
46068,16.523352
46069,61.194527
46070,42.324177
46071,19.64719
46072,26.282541
46073,28.13827
46074,49.995083
46075,53.68704
46076,27.300613
46077,61.797737
46078,24.088486
46079,61.880947
46080,16.211908
46081,29.171696
46082,27.07768
46083,20.252546
46084,23.933344
46085,41.78154
46086,21.339664
46087,54.951855
46088,16.530857
46089,40.817684
46090,22.236536
46091,23.06854
46092,30.699339
46093,24.382788
46094,33.401188
46095,18.791903
46096,21.676775
46097,29.78764
46098,50.606037
46099,19.513357
46100,48.80764
46101,45.328224
46102,24.856388
46103,16.65907
46104,19.185984
46105,24.0263
46106,22.204409
46107,17.264719
46108,55.465015
46109,17.739061
46110,32.651863
46111,56.41852
46112,48.645554
46113,42.352592
46114,57.683666
46115,50.142918
46116,54.907047
46117,27.562672
46118,16.679232
46119,29.399
46120,22.531216
46121,16.926424
46122,28.464819
46123,26.328545
46124,46.524372
46125,22.256456
46126,20.359943
46127,42.086727
46128,50.494167
46129,23.787222
46130,36.408184
46131,30.046595
46132,61.056057
46133,23.209887
46134,49.62753
46135,29.969019
46136,15.877427
46137,17.162872
46138,35.724346
46139,45.752216
46140,45.746044
46141,27.539331
46142,37.039837
46143,48.71951
46144,17.177397
46145,17.96966
46146,34.03834
46147,28.6625
46148,23.704275
46149,34.538586
46150,32.009514
46151,22.726189
46152,17.872768
46153,27.368351
46154,26.166986
46155,50.031002
46156,16.958233
46157,35.61655
46158,33.470783
46159,17.211414
46160,48.191525
46161,21.589872
46162,38.817413
46163,60.17472
46164,23.524332
46165,31.76688
46166,58.21456
46167,16.880026
46168,46.112194
46169,57.932507
46170,56.073574
46171,56.716896
46172,39.433094
46173,30.82823
46174,29.568941
46175,28.630451
46176,16.83189
46177,21.787254
46178,34.66237
46179,48.478943
46180,60.230274
46181,18.984558
46182,17.06817
46183,15.877428
46184,56.364788
46185,22.493547
46186,45.75204
46187,50.51277
46188,17.735575
46189,22.669382
46190,16.58932
46191,20.892595
46192,29.253014
46193,22.123245
46194,16.238125
46195,27.677195
46196,34.890697
46197,16.471426
46198,17.729246
46199,17.03525
46200,48.59115
46201,17.107662
46202,47.965237
46203,16.703016
46204,32.135975
46205,54.802197
46206,38.545406
46207,25.9484
46208,44.78779
46209,32.519535
46210,63.655155
46211,43.963604
46212,36.262203
46213,48.457066
46214,16.194878
46215,39.48738
46216,54.366695
46217,66.65045
46218,31.806627
46219,16.778574
46220,59.22106
46221,18.30174
46222,61.723854
46223,57.02412
46224,25.1843
46225,22.746548
46226,21.482126
46227,62.15827
46228,27.957586
46229,43.73808
46230,16.18682
46231,61.734158
46232,39.6766
46233,23.451387
46234,24.806591
46235,15.877427
46236,36.63044
46237,43.16675
46238,20.93004
46239,20.829796
46240,43.776012
46241,17.683157
46242,40.271084
46243,23.2408
46244,22.168493
46245,49.986927
46246,24.632675
46247,16.103935
46248,55.468414
46249,23.154219
46250,26.21042
46251,17.498636
46252,31.1941
46253,32.40691
46254,22.474989
46255,49.857037
46256,21.756239
46257,29.702345
46258,31.947252
46259,15.969648
46260,34.979263
46261,20.112873
46262,30.63823
46263,31.732214
46264,56.650105
46265,41.48669
46266,61.548805
46267,50.48653
46268,17.895155
46269,35.569523
46270,26.639402
46271,24.770384
46272,54.96583
46273,37.50761
46274,19.143663
46275,60.448788
46276,47.5407
46277,57.801952
46278,50.694405
46279,40.929226
46280,25.78533
46281,56.397877
46282,49.066746
46283,43.41759
46284,17.715054
46285,18.19035
46286,31.438652
46287,51.18157
46288,54.62807
46289,41.835182
46290,15.877427
46291,39.702763
46292,32.143536
46293,54.525852
46294,25.58719
46295,17.983221
46296,27.607674
46297,53.536266
46298,52.33862
46299,59.65768
46300,38.395992
46301,38.205585
46302,34.806328
46303,32.61947
46304,47.643856
46305,58.519154
46306,34.327927
46307,46.308403
46308,17.337431
46309,59.810703
46310,32.00323
46311,60.551334
46312,22.169798
46313,30.976307
46314,30.989016
46315,50.75382
46316,47.064354
46317,26.07331
46318,60.1033
46319,35.614918
46320,21.987278
46321,19.445902
46322,39.13947
46323,37.8466
46324,51.973755
46325,49.293976
46326,43.131783
46327,34.13142
46328,44.93401
46329,52.602104
46330,17.216131
46331,33.328743
46332,33.396023
46333,60.688488
46334,56.071682
46335,23.579498
46336,57.973164
46337,21.375612
46338,48.611805
46339,22.846598
46340,44.47924
46341,44.98465
46342,40.435764
46343,34.479645
46344,16.45211
46345,19.906221
46346,55.279293
46347,21.789965
46348,18.323347
46349,38.956203
46350,50.68463
46351,28.892181
46352,46.371014
46353,59.801044
46354,28.890375
46355,28.885721
46356,39.119946
46357,59.354702
46358,47.55174
46359,21.29343
46360,17.289915
46361,15.877427
46362,29.070889
46363,33.844585
46364,50.686527
46365,47.36262
46366,16.259314
46367,40.319847
46368,56.971924
46369,44.3057
46370,18.435678
46371,23.691402
46372,57.81415
46373,21.241323
46374,24.310097
46375,47.300655
46376,40.454025
46377,30.444796
46378,26.190092
46379,30.5455
46380,23.985725
46381,62.705204
46382,19.808882
46383,18.943487
46384,57.177353
46385,46.142574
46386,23.555555
46387,42.153492
46388,35.454502
46389,45.42721
46390,55.00415
46391,43.77312
46392,35.01939
46393,18.151348
46394,35.891262
46395,50.166348
46396,36.218624
46397,37.631462
46398,40.439606
46399,16.279184
46400,36.999775
46401,34.356266
46402,33.63797
46403,56.02931
46404,43.871445
46405,26.139751
46406,16.025911
46407,20.840479
46408,56.806133
46409,29.28298
46410,23.71731
46411,27.50514
46412,59.055714
46413,49.539223
46414,19.338877
46415,26.547281
46416,53.89138
46417,37.61856
46418,54.73905
46419,31.60834
46420,49.313705
46421,16.487326
46422,20.490053
46423,51.14831
46424,37.779644
46425,44.64459
46426,46.484188
46427,20.25145
46428,24.202707
46429,44.209797
46430,30.769262
46431,34.1389
46432,19.736656
46433,47.614433
46434,36.244564
46435,30.252495
46436,42.947727
46437,61.4325
46438,49.6449
46439,53.58977
46440,48.71062
46441,52.17429
46442,59.821438
46443,16.080082
46444,28.294985
46445,23.998184
46446,33.979626
46447,37.88003
46448,23.609365
46449,16.209568
46450,37.34901
46451,17.45948
46452,57.00795
46453,40.37218
46454,55.06574
46455,15.877427
46456,47.06009
46457,34.468616
46458,21.507318
46459,17.704714
46460,17.863916
46461,57.15336
46462,19.014063
46463,56.823257
46464,17.11962
46465,25.00696
46466,21.25703
46467,48.268238
46468,18.084394
46469,56.960953
46470,16.592165
46471,55.73798
46472,41.858227
46473,16.367144
46474,58.901955
46475,29.195892
46476,40.056995
46477,42.960426
46478,44.29671
46479,58.4381
46480,62.127594
46481,21.67358
46482,55.21491
46483,51.411846
46484,54.450764
46485,47.182743
46486,18.466969
46487,18.547201
46488,55.24422
46489,26.441973
46490,47.97253
46491,46.321945
46492,20.65587
46493,39.621098
46494,48.957043
46495,40.805767
46496,41.872955
46497,53.45982
46498,25.258944
46499,26.02298
46500,20.70959
46501,60.530384
46502,24.77171
46503,26.165527
46504,24.411585
46505,45.282784
46506,24.391703
46507,18.35634
46508,32.599438
46509,17.921362
46510,23.110933
46511,59.84888
46512,27.544245
46513,17.191023
46514,20.2152
46515,31.340094
46516,22.164045
46517,54.970417
46518,18.366217
46519,18.956446
46520,30.131311
46521,47.66551
46522,57.956326
46523,52.3931
46524,37.531223
46525,34.872135
46526,50.738552
46527,56.41982
46528,52.523098
46529,20.132729
46530,31.40179
46531,27.993303
46532,40.292194
46533,40.286045
46534,20.9773
46535,54.639896
46536,21.99217
46537,17.744764
46538,25.575045
46539,44.114407
46540,57.247288
46541,34.814114
46542,53.944355
46543,44.077404
46544,34.681503
46545,24.747547
46546,38.712074
46547,50.113216
46548,47.541584
46549,57.63243
46550,25.334665
46551,24.866419
46552,37.444004
46553,32.62132
46554,20.551794
46555,63.09955
46556,38.276207
46557,17.39032
46558,37.610737
46559,34.033787
46560,31.032213
46561,27.616167
46562,35.633144
46563,41.45607
46564,27.449585
46565,19.642544
46566,21.801044
46567,46.286312
46568,56.806847
46569,30.084291
46570,40.711254
46571,31.68194
46572,18.772245
46573,25.762178
46574,17.642523
46575,34.35049
46576,45.680267
46577,52.25384
46578,19.064991
46579,35.886097
46580,49.093273
46581,45.112667
46582,23.743689
46583,58.448795
46584,28.165274
46585,24.435232
46586,44.46519
46587,24.281649
46588,55.663216
46589,30.781195
46590,45.884098
46591,20.773094
46592,40.23132
46593,45.964397
46594,35.507893
46595,29.938314
46596,38.35505
46597,15.877427
46598,15.877427
46599,24.64488
46600,53.28854
46601,60.09076
46602,26.956041
46603,26.532812
46604,48.204613
46605,26.07061
46606,23.136572
46607,25.53071
46608,18.907324
46609,55.64291
46610,19.894686
46611,29.470585
46612,30.26924
46613,56.679844
46614,21.59929
46615,35.965996
46616,17.866209
46617,17.143192
46618,51.233227
46619,51.79173
46620,20.028807
46621,56.19612
46622,50.852802
46623,40.29506
46624,17.904093
46625,48.58057
46626,54.635677
46627,20.402605
46628,25.765688
46629,38.256245
46630,53.78403
46631,21.221048
46632,35.47212
46633,31.472265
46634,17.489367
46635,45.07562
46636,23.706953
46637,18.067291
46638,42.7316
46639,52.291405
46640,25.65372
46641,51.51355
46642,48.230614
46643,25.882984
46644,27.246943
46645,16.533302
46646,56.602802
46647,18.952662
46648,16.83182
46649,26.429468
46650,40.814816
46651,19.499987
46652,34.418404
46653,52.371662
46654,44.117516
46655,32.864353
46656,47.51303
46657,47.93523
46658,64.07849
46659,19.683935
46660,54.113567
46661,17.945396
46662,39.465794
46663,63.01828
46664,35.862843
46665,34.977837
46666,16.397688
46667,17.147087
46668,18.311823
46669,40.13271
46670,38.17362
46671,20.653572
46672,58.63165
46673,42.519344
46674,27.921421
46675,38.327717
46676,53.671795
46677,20.020422
46678,62.144375
46679,27.827938
46680,45.805286
46681,20.29455
46682,45.15807
46683,17.256752
46684,17.552813
46685,46.36562
46686,18.200693
46687,21.140154
46688,17.668203
46689,30.471949
46690,36.440754
46691,15.877427
46692,49.3457
46693,18.146894
46694,49.03848
46695,22.685516
46696,36.388065
46697,17.39193
46698,47.00513
46699,42.622738
46700,30.337437
46701,56.729336
46702,54.31622
46703,20.92324
46704,16.55213
46705,46.520298
46706,39.15657
46707,49.825134
46708,40.398243
46709,21.38832
46710,18.632723
46711,56.426464
46712,18.81471
46713,24.93706
46714,16.329008
46715,59.684273
46716,59.63683
46717,42.64022
46718,49.36899
46719,35.971115
46720,47.602535
46721,19.974764
46722,17.22625
46723,58.11632
46724,55.14811
46725,24.319738
46726,35.893944
46727,57.347538
46728,55.156162
46729,21.967564
46730,26.469032
46731,57.32636
46732,46.64618
46733,50.552597
46734,44.908726
46735,16.312319
46736,18.05708
46737,22.375084
46738,38.055134
46739,17.363937
46740,42.834927
46741,17.435566
46742,41.28361
46743,29.811605
46744,17.762468
46745,56.261707
46746,49.8436
46747,19.927616
46748,20.068441
46749,25.047016
46750,49.05173
46751,22.201292
46752,54.665585
46753,61.329292
46754,16.588863
46755,16.381987
46756,30.088593
46757,35.054222
46758,31.821518
46759,21.156754
46760,24.766893
46761,17.234426
46762,27.692774
46763,56.34415
46764,31.45244
46765,50.029152
46766,28.87879
46767,58.511845
46768,38.97891
46769,36.961037
46770,16.863195
46771,29.405588
46772,18.393267
46773,40.092873
46774,53.675472
46775,44.823734
46776,29.693693
46777,29.688635
46778,52.306316
46779,23.722523
46780,26.900526
46781,24.192526
46782,25.516386
46783,33.552765
46784,32.18485
46785,58.376965
46786,22.374702
46787,42.406357
46788,24.023947
46789,48.855854
46790,19.8934
46791,34.828846
46792,32.555386
46793,35.87901
46794,41.982357
46795,26.332338
46796,24.120716
46797,53.451992
46798,21.878582
46799,47.492924
46800,20.317577
46801,45.18838
46802,50.779087
46803,19.368616
46804,29.057863
46805,18.06635
46806,58.23722
46807,53.71348
46808,19.102772
46809,21.122671
46810,45.88182
46811,16.584826
46812,37.74044
46813,49.1834
46814,27.926046
46815,20.643847
46816,16.083809
46817,20.390055
46818,18.70267
46819,39.100548
46820,43.526978
46821,19.926668
46822,19.893534
46823,32.61599
46824,29.856415
46825,23.888906
46826,54.220997
46827,55.768295
46828,37.711544
46829,46.26584
46830,19.139277
46831,49.224384
46832,19.569666
46833,16.208485
46834,25.858862
46835,18.976473
46836,64.32904
46837,44.55611
46838,24.387476
46839,40.298405
46840,15.877427
46841,22.835299
46842,16.413778
46843,50.700806
46844,50.501297
46845,18.721632
46846,59.99726
46847,23.292294
46848,46.751095
46849,32.894176
46850,19.910421
46851,49.66984
46852,51.990456
46853,47.39811
46854,19.62089
46855,44.955055
46856,59.895103
46857,52.43958
46858,42.250187
46859,34.852627
46860,23.316727
46861,17.544056
46862,44.1841
46863,40.488815
46864,26.509857
46865,20.105902
46866,15.877427
46867,50.808834
46868,41.12917
46869,20.240742
46870,19.842691
46871,40.947464
46872,39.586487
46873,42.122753
46874,31.646456
46875,18.834894
46876,28.441433
46877,17.093653
46878,26.952826
46879,27.28406
46880,56.45395
46881,29.547268
46882,45.83263
46883,17.569107
46884,21.14578
46885,50.704006
46886,18.169378
46887,42.285297
46888,18.756231
46889,23.79157
46890,50.565662
46891,35.52126
46892,21.948652
46893,21.189623
46894,19.941553
46895,32.49122
46896,34.73234
46897,55.87379
46898,50.128883
46899,56.039745
46900,50.88149
46901,52.663296
46902,20.043781
46903,58.284786
46904,15.877427
46905,49.060505
46906,60.42216
46907,22.300161
46908,43.771854
46909,27.79046
46910,26.019308
46911,34.99854
46912,45.462994
46913,34.085278
46914,50.538082
46915,15.877427
46916,26.692923
46917,53.176716
46918,51.09579
46919,59.040955
46920,23.046225
46921,46.784023
46922,33.704906
46923,58.4853
46924,34.235294
46925,53.54175
46926,43.90733
46927,46.80816
46928,56.1891
46929,16.095716
46930,55.502438
46931,49.908226
46932,53.30579
46933,41.675175
46934,22.371332
46935,44.080074
46936,48.828316
46937,44.190014
46938,28.10789
46939,19.724539
46940,24.728975
46941,56.382442
46942,29.430323
46943,41.841846
46944,17.592894
46945,18.004646
46946,62.7839
46947,65.69512
46948,57.291958
46949,24.53677
46950,46.19368
46951,30.562418
46952,33.61311
46953,28.071512
46954,37.464344
46955,48.39678
46956,52.839397
46957,53.37515
46958,19.641731
46959,40.784874
46960,26.290874
46961,41.339725
46962,19.31706
46963,17.828012
46964,39.21204
46965,15.877427
46966,55.454445
46967,39.792404
46968,37.210117
46969,21.771584
46970,38.038185
46971,49.472645
46972,27.21999
46973,21.946608
46974,48.06474
46975,35.227608
46976,38.96858
46977,24.036253
46978,49.279152
46979,56.875744
46980,18.898903
46981,15.877427
46982,35.812702
46983,26.146372
46984,48.872623
46985,47.673397
46986,32.434887
46987,56.57371
46988,53.317326
46989,53.414196
46990,28.124231
46991,49.101738
46992,43.514343
46993,62.069706
46994,55.558147
46995,35.448925
46996,46.648556
46997,47.949142
46998,24.705507
46999,58.171
47000,20.259996
47001,22.570105
47002,44.831055
47003,36.864983
47004,49.102535
47005,60.096546
47006,42.58977
47007,20.607315
47008,32.888294
47009,17.111101
47010,24.181162
47011,54.183586
47012,40.784847
47013,58.047
47014,44.13016
47015,45.418972
47016,38.38015
47017,20.042685
47018,53.153164
47019,26.11579
47020,19.989773
47021,57.70628
47022,48.003857
47023,44.490086
47024,33.59905
47025,52.40673
47026,19.10773
47027,17.738302
47028,26.7027
47029,55.16081
47030,25.63858
47031,19.107206
47032,40.57281
47033,15.877427
47034,17.088228
47035,55.153183
47036,52.162228
47037,57.991478
47038,29.297728
47039,41.723145
47040,58.41869
47041,35.056652
47042,16.819063
47043,36.21291
47044,22.105368
47045,51.29332
47046,16.756298
47047,59.651554
47048,48.713203
47049,52.30831
47050,21.5131
47051,40.864178
47052,62.783413
47053,25.21528
47054,41.74428
47055,28.790884
47056,21.904852
47057,40.755627
47058,41.166645
47059,54.310055
47060,23.560003
47061,32.69181
47062,18.960302
47063,38.035393
47064,16.334272
47065,17.112051
47066,46.467625
47067,19.305502
47068,44.03609
47069,51.42908
47070,53.882023
47071,25.702593
47072,16.333843
47073,54.345573
47074,15.877427
47075,57.612236
47076,17.72388
47077,49.53362
47078,51.66429
47079,23.260736
47080,42.919926
47081,50.010822
47082,22.830643
47083,53.80394
47084,40.448986
47085,35.523647
47086,53.32339
47087,16.077972
47088,20.12761
47089,32.68454
47090,41.940807
47091,53.12169
47092,44.743164
47093,35.274914
47094,17.866804
47095,17.793505
47096,34.09321
47097,41.2923
47098,28.02516
47099,57.73173
47100,58.485588
47101,52.888134
47102,40.74768
47103,28.329733
47104,18.63603
47105,60.25916
47106,39.377094
47107,19.15298
47108,50.19686
47109,21.632935
47110,42.914135
47111,31.728668
47112,24.225115
47113,23.766289
47114,55.190426
47115,19.114592
47116,29.392927
47117,21.99764
47118,46.620617
47119,49.21736
47120,23.76389
47121,31.947598
47122,21.603403
47123,15.877427
47124,46.68289
47125,23.108953
47126,23.186878
47127,59.741642
47128,42.338657
47129,23.996939
47130,48.891617
47131,53.650555
47132,47.087307
47133,30.238836
47134,20.740755
47135,31.255049
47136,17.496843
47137,29.319923
47138,26.899235
47139,41.970592
47140,34.595028
47141,16.58814
47142,43.33838
47143,54.01191
47144,22.378836
47145,24.05279
47146,23.97907
47147,44.966976
47148,16.625252
47149,17.739037
47150,57.08359
47151,49.812927
47152,51.599693
47153,25.392479
47154,25.791016
47155,40.12486
47156,28.583578
47157,58.06691
47158,26.976927
47159,18.352253
47160,34.004433
47161,21.853058
47162,55.3292
47163,22.38044
47164,41.689358
47165,23.826252
47166,48.346455
47167,26.104883
47168,54.691685
47169,34.303677
47170,49.327778
47171,26.253387
47172,44.476036
47173,59.529
47174,28.03778
47175,49.32723
47176,37.044285
47177,23.62826
47178,44.70296
47179,36.92145
47180,46.122326
47181,60.190617
47182,23.552637
47183,33.079994
47184,60.792515
47185,23.807611
47186,50.8275
47187,40.826427
47188,57.414253
47189,61.454067
47190,37.881496
47191,34.972466
47192,56.840405
47193,24.1523
47194,48.427807
47195,51.255913
47196,57.466854
47197,35.39958
47198,35.280582
47199,65.73417
47200,21.656366
47201,27.240149
47202,42.488407
47203,16.39013
47204,43.35677
47205,28.085741
47206,51.921696
47207,33.184784
47208,18.489222
47209,16.24043
47210,18.896088
47211,60.08894
47212,44.952534
47213,17.158506
47214,61.06007
47215,48.363277
47216,28.722933
47217,19.270155
47218,32.333332
47219,20.384151
47220,15.877427
47221,56.588573
47222,43.613255
47223,17.50506
47224,56.195217
47225,27.877466
47226,42.811367
47227,60.717606
47228,57.735172
47229,60.784336
47230,16.210255
47231,17.14399
47232,57.02566
47233,32.334084
47234,22.01184
47235,47.194424
47236,17.18077
47237,27.077295
47238,46.178772
47239,54.980606
47240,23.023186
47241,35.252827
47242,23.370996
47243,26.076963
47244,43.172413
47245,40.972794
47246,42.595768
47247,16.316221
47248,21.96599
47249,32.705112
47250,23.318357
47251,54.14584
47252,60.61191
47253,19.716057
47254,45.46735
47255,23.808228
47256,45.567043
47257,17.08517
47258,41.090355
47259,38.942966
47260,34.36462
47261,48.57241
47262,57.825825
47263,35.897655
47264,51.93104
47265,41.362797
47266,17.816868
47267,53.88416
47268,60.84439
47269,57.63265
47270,36.169537
47271,51.08396
47272,45.985485
47273,54.40776
47274,17.924875
47275,54.7823
47276,30.526556
47277,18.06005
47278,19.301504
47279,25.010807
47280,36.34231
47281,21.524952
47282,26.595846
47283,26.62718
47284,18.459433
47285,39.76908
47286,57.034016
47287,44.858463
47288,30.952349
47289,32.199955
47290,24.125534
47291,24.740145
47292,21.286633
47293,20.864376
47294,46.029087
47295,31.994316
47296,40.399464
47297,44.890438
47298,38.274155
47299,32.962467
47300,60.121227
47301,19.246256
47302,17.231564
47303,60.168186
47304,18.514822
47305,23.151491
47306,33.823143
47307,28.712107
47308,16.126822
47309,38.613667
47310,19.055132
47311,55.518032
47312,19.33571
47313,25.437305
47314,20.537256
47315,21.092535
47316,32.176598
47317,49.7363
47318,19.028639
47319,25.15106
47320,15.877427
47321,41.053493
47322,45.835873
47323,24.295568
47324,55.677715
47325,31.588564
47326,28.922522
47327,33.850513
47328,26.062197
47329,50.442364
47330,18.086826
47331,48.13217
47332,17.229656
47333,25.3902
47334,49.11487
47335,30.349583
47336,58.901066
47337,52.743618
47338,23.123327
47339,59.480343
47340,41.220005
47341,21.609995
47342,33.12032
47343,48.368397
47344,61.766766
47345,42.264416
47346,55.051537
47347,16.505606
47348,47.87904
47349,52.383434
47350,55.05624
47351,41.38558
47352,18.2228
47353,25.118189
47354,52.356716
47355,51.22221
47356,24.471064
47357,50.95577
47358,26.486935
47359,47.13033
47360,21.606627
47361,16.921621
47362,53.02046
47363,41.004555
47364,19.657072
47365,60.70503
47366,18.900263
47367,20.07362
47368,20.406885
47369,16.140148
47370,23.516226
47371,41.742123
47372,31.098108
47373,30.016489
47374,25.173117
47375,33.087704
47376,16.655031
47377,21.156172
47378,35.73793
47379,42.267765
47380,58.57781
47381,24.908396
47382,48.069824
47383,29.205217
47384,40.316746
47385,17.772387
47386,18.767744
47387,56.97771
47388,35.814728
47389,28.083395
47390,21.605942
47391,44.782787
47392,56.042095
47393,52.753468
47394,38.707287
47395,35.51576
47396,28.560068
47397,57.683426
47398,46.04257
47399,34.844128
47400,49.87026
47401,40.70499
47402,48.60613
47403,27.465536
47404,58.15955
47405,49.31973
47406,44.586945
47407,41.270367
47408,27.830118
47409,34.42982
47410,15.877427
47411,42.3445
47412,40.909023
47413,51.43566
47414,60.516056
47415,60.263935
47416,23.297846
47417,55.678196
47418,28.719332
47419,16.232838
47420,61.700436
47421,17.559721
47422,48.04581
47423,30.076845
47424,20.736967
47425,54.594444
47426,42.815964
47427,15.877427
47428,22.416597
47429,25.199339
47430,52.082012
47431,30.688454
47432,16.458948
47433,33.034714
47434,29.487066
47435,52.480446
47436,31.856323
47437,48.109283
47438,16.72001
47439,23.917223
47440,24.33848
47441,24.646769
47442,31.265905
47443,39.27187
47444,34.526585
47445,43.747845
47446,63.46233
47447,40.805534
47448,59.271
47449,38.808567
47450,31.992533
47451,63.268368
47452,55.18131
47453,48.754612
47454,55.153515
47455,36.960655
47456,57.38416
47457,30.399668
47458,18.85903
47459,24.647501
47460,40.37312
47461,48.557613
47462,36.721935
47463,49.175846
47464,41.958996
47465,20.909073
47466,50.688236
47467,44.5822
47468,15.877427
47469,57.056293
47470,45.962193
47471,60.306953
47472,52.64053
47473,40.20983
47474,24.311918
47475,23.627102
47476,56.395832
47477,44.434093
47478,20.022318
47479,18.806242
47480,17.446747
47481,32.914516
47482,28.14821
47483,47.19827
47484,58.97812
47485,50.921803
47486,48.66612
47487,51.33476
47488,17.76092
47489,54.015434
47490,19.24937
47491,29.58644
47492,58.547222
47493,16.930288
47494,22.310366
47495,22.01605
47496,56.48054
47497,25.995726
47498,18.940313
47499,48.342945
47500,17.463158
47501,61.703846
47502,29.75432
47503,21.521236
47504,21.34434
47505,62.234966
47506,20.911701
47507,19.717077
47508,32.451508
47509,15.877427
47510,54.95772
47511,27.900126
47512,22.246176
47513,49.067295
47514,35.789894
47515,21.87435
47516,37.691082
47517,57.687176
47518,38.32503
47519,50.715145
47520,55.338505
47521,46.15263
47522,22.738096
47523,51.67955
47524,28.052042
47525,55.825207
47526,43.981567
47527,21.880419
47528,62.672348
47529,33.91876
47530,48.464695
47531,63.753063
47532,36.070404
47533,29.482609
47534,60.0749
47535,60.21007
47536,17.479517
47537,19.816502
47538,20.429308
47539,47.962452
47540,16.037476
47541,42.716145
47542,26.784441
47543,21.170313
47544,58.538437
47545,16.084743
47546,47.050716
47547,43.88796
47548,52.36385
47549,33.030716
47550,27.836977
47551,17.17159
47552,42.353424
47553,26.041922
47554,33.6798
47555,16.66274
47556,19.35911
47557,43.066814
47558,16.10908
47559,21.47508
47560,16.77718
47561,33.95694
47562,28.488308
47563,58.59907
47564,16.719019
47565,50.975147
47566,23.237755
47567,16.688223
47568,55.58684
47569,29.609276
47570,55.93839
47571,45.31529
47572,55.405464
47573,42.92269
47574,53.602097
47575,43.941097
47576,39.220005
47577,37.97227
47578,36.119785
47579,24.80385
47580,33.666725
47581,50.29349
47582,16.136332
47583,31.387339
47584,28.655603
47585,36.22446
47586,43.009182
47587,19.88452
47588,31.11912
47589,60.54427
47590,55.29945
47591,53.183586
47592,16.976719
47593,57.229816
47594,24.463161
47595,28.285307
47596,36.54665
47597,16.730654
47598,47.26869
47599,51.716156
47600,51.95686
47601,20.03221
47602,26.144379
47603,20.691126
47604,17.602633
47605,42.89108
47606,18.749031
47607,24.262856
47608,22.159079
47609,43.373417
47610,18.349602
47611,27.82654
47612,55.06783
47613,20.249296
47614,17.441336
47615,40.390644
47616,29.709093
47617,47.096764
47618,45.685432
47619,45.17432
47620,33.59973
47621,22.59461
47622,38.662525
47623,29.991411
47624,35.346615
47625,23.660154
47626,59.27553
47627,33.879055
47628,24.727184
47629,52.997936
47630,19.291359
47631,48.921467
47632,44.9341
47633,42.037884
47634,35.453655
47635,42.528843
47636,33.03557
47637,33.84959
47638,59.3719
47639,37.518982
47640,19.755274
47641,16.295338
47642,19.64763
47643,30.095621
47644,41.398014
47645,37.305668
47646,18.636057
47647,27.912134
47648,18.030352
47649,21.82875
47650,48.527378
47651,40.05894
47652,21.528847
47653,17.448977
47654,48.60514
47655,20.144918
47656,34.85136
47657,55.1714
47658,16.261175
47659,52.97859
47660,25.83732
47661,25.475988
47662,22.39356
47663,24.385166
47664,17.439129
47665,20.208359
47666,23.97789
47667,31.702478
47668,56.346455
47669,35.910625
47670,57.664135
47671,21.588049
47672,38.08991
47673,31.901836
47674,51.035576
47675,16.482904
47676,49.953686
47677,45.018497
47678,60.797607
47679,22.830687
47680,37.54387
47681,52.068
47682,57.829296
47683,38.752254
47684,17.639803
47685,35.09464
47686,49.672264
47687,19.986137
47688,16.148027
47689,40.580143
47690,53.514713
47691,42.7781
47692,34.752014
47693,20.341639
47694,38.205467
47695,29.831583
47696,22.64284
47697,30.461359
47698,19.766342
47699,38.24644
47700,54.76448
47701,44.27196
47702,28.461765
47703,17.314573
47704,54.53152
47705,16.121874
47706,25.137617
47707,18.866749
47708,57.96372
47709,42.50174
47710,53.00712
47711,43.426506
47712,50.850136
47713,18.075949
47714,47.03654
47715,22.106346
47716,21.608603
47717,36.676044
47718,17.351171
47719,28.37437
47720,33.193226
47721,58.038486
47722,15.877427
47723,39.84116
47724,35.943237
47725,24.673702
47726,29.788755
47727,23.88059
47728,38.830967
47729,26.175467
47730,16.396528
47731,50.20758
47732,29.266298
47733,44.511852
47734,43.237476
47735,22.877924
47736,23.791084
47737,56.90658
47738,33.993
47739,20.75584
47740,16.393684
47741,62.18529
47742,55.25925
47743,26.593662
47744,23.459352
47745,19.278511
47746,45.079884
47747,22.576796
47748,27.776846
47749,19.263437
47750,17.360464
47751,27.598162
47752,56.382275
47753,17.04112
47754,35.643658
47755,23.291162
47756,32.111176
47757,34.23145
47758,62.02117
47759,34.69939
47760,25.31872
47761,35.14792
47762,26.373983
47763,20.63689
47764,58.66037
47765,17.179922
47766,15.877427
47767,54.362827
47768,40.49134
47769,58.820614
47770,45.18612
47771,16.280096
47772,25.304495
47773,56.675785
47774,21.845968
47775,47.35648
47776,21.891367
47777,15.877427
47778,29.236547
47779,26.257792
47780,19.656942
47781,55.267826
47782,18.306377
47783,45.045544
47784,37.903442
47785,53.176624
47786,49.478397
47787,21.561684
47788,17.87533
47789,53.10608
47790,59.90022
47791,18.997784
47792,29.464478
47793,39.065594
47794,47.192127
47795,28.77568
47796,41.09087
47797,36.302555
47798,33.39242
47799,22.67544
47800,33.32874
47801,30.83023
47802,46.955563
47803,30.597563
47804,44.03114
47805,24.48847
47806,18.481825
47807,35.597736
47808,20.413448
47809,33.92625
47810,30.019825
47811,37.902138
47812,16.1721
47813,25.269674
47814,49.343113
47815,53.1429
47816,35.99752
47817,40.369427
47818,16.115154
47819,47.81889
47820,51.97874
47821,18.168272
47822,50.09811
47823,28.764688
47824,24.624002
47825,50.84129
47826,43.4931
47827,35.561527
47828,62.41252
47829,47.190243
47830,51.314983
47831,20.95432
47832,59.043163
47833,22.26589
47834,19.97362
47835,49.309536
47836,18.0848
47837,33.470715
47838,25.688826
47839,36.37762
47840,24.044878
47841,21.945934
47842,28.588095
47843,45.862232
47844,26.885635
47845,57.348682
47846,28.367361
47847,17.435514
47848,59.316204
47849,61.11948
47850,15.877427
47851,33.121532
47852,27.55952
47853,17.406315
47854,29.00178
47855,30.88173
47856,42.536022
47857,28.74552
47858,17.387354
47859,15.877427
47860,27.70178
47861,51.550247
47862,16.902521
47863,55.025616
47864,38.38244
47865,25.577463
47866,42.70871
47867,23.474688
47868,23.79068
47869,16.720613
47870,62.485134
47871,57.641876
47872,32.35814
47873,37.90198
47874,60.694782
47875,30.585905
47876,44.195724
47877,56.602894
47878,54.800766
47879,16.800339
47880,34.115368
47881,38.62304
47882,16.070047
47883,58.431316
47884,18.913742
47885,36.383442
47886,26.41265
47887,43.89789
47888,22.171236
47889,51.34787
47890,50.668766
47891,30.23198
47892,57.07492
47893,51.775707
47894,50.91509
47895,40.69701
47896,36.570652
47897,59.01812
47898,43.09482
47899,36.669697
47900,26.331934
47901,53.899662
47902,26.798128
47903,30.572168
47904,17.057148
47905,55.922062
47906,41.08398
47907,30.04207
47908,21.667559
47909,27.330519
47910,42.761044
47911,20.527815
47912,19.53644
47913,33.673027
47914,22.259123
47915,52.33456
47916,16.34098
47917,25.133255
47918,18.52698
47919,33.648132
47920,29.037212
47921,53.91027
47922,28.683527
47923,49.877163
47924,28.274862
47925,32.97013
47926,28.735027
47927,44.866215
47928,35.417576
47929,20.481821
47930,25.327715
47931,16.817963
47932,19.100065
47933,37.29291
47934,35.830868
47935,39.090157
47936,34.736263
47937,22.322672
47938,18.174511
47939,33.777126
47940,37.78548
47941,57.46979
47942,20.153479
47943,31.072578
47944,30.196798
47945,23.455858
47946,22.93017
47947,43.989243
47948,34.54737
47949,66.15164
47950,49.928535
47951,57.444145
47952,39.230263
47953,21.497301
47954,57.109173
47955,50.89728
47956,20.906363
47957,26.930222
47958,44.216434
47959,38.73047
47960,35.88657
47961,45.748165
47962,26.976744
47963,45.444885
47964,39.553997
47965,23.17497
47966,54.615032
47967,49.780376
47968,35.170605
47969,53.03338
47970,19.36866
47971,37.207855
47972,60.139256
47973,42.93397
47974,54.85481
47975,16.690845
47976,37.977722
47977,29.868475
47978,43.74282
47979,49.099102
47980,40.670296
47981,34.803635
47982,56.27876
47983,40.15623
47984,17.961111
47985,59.35159
47986,47.468876
47987,22.23685
47988,43.57632
47989,50.25828
47990,54.054665
47991,52.096657
47992,56.884644
47993,42.024136
47994,34.80561
47995,44.362823
47996,19.235546
47997,40.01437
47998,41.441525
47999,51.511875
48000,39.009808
48001,31.34548
48002,30.30775
48003,31.100039
48004,21.552053
48005,36.474957
48006,32.56716
48007,28.351881
48008,16.678656
48009,61.967648
48010,16.946669
48011,30.464828
48012,45.185787
48013,39.703983
48014,54.063885
48015,47.836857
48016,45.113617
48017,15.877427
48018,55.402542
48019,36.721325
48020,23.789986
48021,23.962181
48022,36.438187
48023,53.161846
48024,19.252314
48025,28.369778
48026,16.967215
48027,62.899593
48028,56.970196
48029,26.965204
48030,19.559443
48031,59.609287
48032,30.926386
48033,20.309217
48034,56.202717
48035,32.969532
48036,16.473131
48037,39.79601
48038,31.928396
48039,19.91538
48040,16.323471
48041,45.58355
48042,26.089613
48043,24.006273
48044,18.578522
48045,24.685974
48046,65.51318
48047,40.84267
48048,28.96153
48049,20.551332
48050,34.42019
48051,39.665485
48052,57.97082
48053,44.72875
48054,50.049267
48055,60.24788
48056,25.812834
48057,28.183695
48058,29.57236
48059,48.522373
48060,21.898493
48061,49.855328
48062,41.135693
48063,42.476772
48064,58.72957
48065,47.55774
48066,27.818026
48067,30.694223
48068,15.877427
48069,19.100035
48070,35.38453
48071,28.55674
48072,19.656954
48073,18.772635
48074,62.89919
48075,43.319168
48076,44.22697
48077,49.69842
48078,54.893024
48079,34.035515
48080,39.716244
48081,54.55788
48082,30.30965
48083,58.460857
48084,22.859396
48085,15.877427
48086,51.788754
48087,32.74767
48088,62.470215
48089,52.05765
48090,44.07367
48091,43.854893
48092,51.21964
48093,49.556824
48094,38.087627
48095,51.54776
48096,39.8327
48097,23.885237
48098,48.368244
48099,48.176174
48100,16.784472
48101,34.98953
48102,20.125519
48103,22.222216
48104,25.422646
48105,33.427135
48106,49.18449
48107,53.90147
48108,46.954323
48109,34.622936
48110,59.108967
48111,17.067709
48112,18.281511
48113,39.80568
48114,61.973835
48115,38.004364
48116,29.112013
48117,62.040035
48118,32.424923
48119,18.743517
48120,52.899467
48121,55.89459
48122,31.567186
48123,59.77843
48124,18.79786
48125,20.648127
48126,42.21584
48127,59.76553
48128,20.971216
48129,16.348722
48130,35.033375
48131,53.140194
48132,31.544525
48133,33.26805
48134,61.286167
48135,27.795332
48136,19.87475
48137,15.877427
48138,48.0863
48139,23.214796
48140,42.057667
48141,32.874424
48142,26.20289
48143,20.712633
48144,26.469244
48145,19.885252
48146,62.728382
48147,15.877427
48148,57.52328
48149,53.423058
48150,62.706516
48151,23.696215
48152,32.148174
48153,61.733395
48154,28.20622
48155,59.4697
48156,21.707838
48157,41.997364
48158,31.834616
48159,17.971174
48160,24.754204
48161,18.468328
48162,35.03151
48163,16.126995
48164,49.006123
48165,47.504337
48166,42.70619
48167,15.877428
48168,47.578476
48169,49.00478
48170,23.117533
48171,55.196537
48172,27.689198
48173,53.06538
48174,56.254494
48175,40.381104
48176,21.905682
48177,65.450134
48178,38.29847
48179,59.443584
48180,33.558197
48181,28.20298
48182,35.578682
48183,53.24422
48184,45.160164
48185,18.411068
48186,24.254189
48187,17.176828
48188,55.433155
48189,36.718983
48190,20.454832
48191,18.960539
48192,61.5409
48193,51.106087
48194,48.48606
48195,17.564322
48196,46.792416
48197,17.369211
48198,15.877427
48199,21.07506
48200,28.739843
48201,40.715008
48202,21.064497
48203,46.681675
48204,53.376026
48205,33.442448
48206,32.01485
48207,57.01424
48208,38.96724
48209,24.719656
48210,23.650438
48211,17.898188
48212,16.776138
48213,33.907566
48214,38.886196
48215,27.41125
48216,48.705494
48217,47.9568
48218,18.070097
48219,40.459198
48220,34.22844
48221,26.105005
48222,38.804806
48223,37.888554
48224,58.06884
48225,58.22559
48226,20.348862
48227,23.539064
48228,48.409588
48229,17.141417
48230,27.16847
48231,27.806318
48232,52.143604
48233,20.19929
48234,32.31452
48235,46.23681
48236,55.64224
48237,32.00979
48238,55.562817
48239,39.68762
48240,30.406826
48241,20.75493
48242,46.76066
48243,36.62722
48244,26.959902
48245,44.607685
48246,31.574306
48247,50.58004
48248,57.62176
48249,52.225193
48250,34.657024
48251,48.589207
48252,36.581615
48253,19.177706
48254,19.558268
48255,35.85002
48256,25.995747
48257,31.428396
48258,49.062717
48259,55.27689
48260,58.547512
48261,17.128359
48262,36.91802
48263,50.861702
48264,42.796505
48265,20.145699
48266,48.736515
48267,20.64882
48268,28.831293
48269,52.62033
48270,31.939962
48271,41.485664
48272,58.585888
48273,26.477098
48274,20.934805
48275,57.38998
48276,17.928616
48277,29.935116
48278,29.790483
48279,57.72864
48280,39.659645
48281,39.978863
48282,28.146542
48283,27.436949
48284,21.236582
48285,16.922525
48286,19.639765
48287,54.725388
48288,16.309372
48289,44.4384
48290,57.64899
48291,58.60931
48292,19.295431
48293,15.877427
48294,47.6582
48295,32.348778
48296,44.704372
48297,59.885693
48298,55.890324
48299,59.295444
48300,16.623413
48301,56.454716
48302,19.13931
48303,46.624672
48304,48.83144
48305,32.1998
48306,23.891733
48307,53.474094
48308,35.85313
48309,21.028872
48310,16.984692
48311,16.50683
48312,20.516684
48313,40.309788
48314,54.154423
48315,60.20115
48316,31.29399
48317,55.28691
48318,45.46758
48319,47.623913
48320,50.629494
48321,20.37942
48322,16.16842
48323,49.05367
48324,34.67995
48325,42.278355
48326,27.417532
48327,43.090816
48328,19.11374
48329,41.26105
48330,17.618788
48331,53.820225
48332,33.49593
48333,28.48097
48334,31.421808
48335,58.58684
48336,46.86833
48337,24.634678
48338,57.527126
48339,34.351395
48340,55.98164
48341,27.429459
48342,37.09792
48343,22.869858
48344,34.465862
48345,44.335648
48346,19.731482
48347,18.066172
48348,39.87513
48349,20.492086
48350,19.026361
48351,59.367718
48352,48.81802
48353,22.481901
48354,16.50482
48355,52.623295
48356,36.21731
48357,24.945887
48358,27.845224
48359,16.11415
48360,19.469854
48361,46.142365
48362,46.25957
48363,42.14429
48364,47.998135
48365,27.459576
48366,47.416904
48367,30.768703
48368,19.54846
48369,48.766384
48370,54.385784
48371,16.871025
48372,51.098904
48373,58.343304
48374,21.727392
48375,46.702488
48376,31.64768
48377,32.298683
48378,34.908047
48379,54.798138
48380,17.935387
48381,44.321136
48382,28.10396
48383,33.252483
48384,59.194805
48385,16.348766
48386,53.24456
48387,17.634378
48388,48.54936
48389,30.488424
48390,53.35703
48391,44.125233
48392,19.54011
48393,50.391636
48394,55.635387
48395,28.47624
48396,42.556572
48397,37.464096
48398,24.257784
48399,34.65842
48400,19.49511
48401,53.46056
48402,22.739756
48403,55.299942
48404,43.6341
48405,51.98943
48406,33.05486
48407,35.64055
48408,28.295311
48409,57.25935
48410,36.359432
48411,18.769632
48412,16.653069
48413,55.56471
48414,24.09007
48415,21.341684
48416,37.284966
48417,23.215322
48418,61.622147
48419,41.12315
48420,47.808613
48421,56.928837
48422,30.77592
48423,48.981686
48424,28.22505
48425,50.546886
48426,57.123108
48427,62.21584
48428,26.86106
48429,35.1508
48430,38.604977
48431,51.4428
48432,51.6432
48433,43.096584
48434,43.708595
48435,19.326189
48436,38.89497
48437,23.973217
48438,27.199808
48439,58.476734
48440,18.1813
48441,59.768166
48442,60.097378
48443,47.798412
48444,22.928972
48445,19.872385
48446,29.544024
48447,38.369255
48448,58.600952
48449,38.63548
48450,16.326345
48451,56.055103
48452,16.568018
48453,60.40627
48454,32.735096
48455,32.340412
48456,49.843494
48457,58.105328
48458,33.065063
48459,25.77273
48460,22.447931
48461,17.092737
48462,16.557669
48463,49.575623
48464,24.767117
48465,40.865902
48466,23.834608
48467,54.6663
48468,51.476635
48469,58.63307
48470,38.223785
48471,61.04964
48472,19.417627
48473,57.683422
48474,19.47909
48475,53.51208
48476,28.300623
48477,15.877427
48478,49.58076
48479,58.9165
48480,20.061605
48481,27.573198
48482,39.467224
48483,36.78677
48484,24.64313
48485,44.52352
48486,34.694157
48487,36.194862
48488,37.81354
48489,20.910076
48490,37.494877
48491,24.58142
48492,25.951836
48493,16.826384
48494,31.699266
48495,26.787169
48496,23.202497
48497,41.501682
48498,17.025772
48499,34.363922
48500,19.609732
48501,39.956608
48502,20.215567
48503,60.354973
48504,19.07067
48505,38.653835
48506,21.117823
48507,18.845778
48508,60.081223
48509,16.383402
48510,56.97636
48511,36.57086
48512,20.855194
48513,33.480278
48514,29.014708
48515,30.694067
48516,50.79598
48517,19.89203
48518,16.596308
48519,53.49184
48520,17.960127
48521,27.715845
48522,23.224485
48523,19.298594
48524,43.883366
48525,30.355646
48526,60.567863
48527,25.81768
48528,52.11858
48529,48.289833
48530,21.698519
48531,27.288446
48532,50.58013
48533,29.684797
48534,29.676302
48535,28.54368
48536,35.14466
48537,53.33942
48538,31.235212
48539,45.017704
48540,17.33951
48541,36.295025
48542,28.05367
48543,45.59406
48544,16.092295
48545,43.998074
48546,18.44346
48547,53.057095
48548,61.268105
48549,52.81291
48550,46.60647
48551,61.596127
48552,60.242504
48553,57.634758
48554,21.343683
48555,22.662947
48556,34.314983
48557,54.284748
48558,33.25661
48559,19.836754
48560,55.766598
48561,26.924973
48562,30.448828
48563,54.972
48564,60.982677
48565,23.137358
48566,51.01942
48567,45.832115
48568,20.667612
48569,55.21165
48570,45.007122
48571,42.945477
48572,18.255075
48573,18.9741
48574,28.759247
48575,40.81226
48576,16.709688
48577,33.094425
48578,17.058577
48579,39.042973
48580,23.668715
48581,23.010036
48582,38.12911
48583,53.683277
48584,59.011364
48585,18.259218
48586,25.615068
48587,20.569363
48588,26.014954
48589,51.763943
48590,19.254168
48591,31.757381
48592,31.473873
48593,17.864752
48594,31.89269
48595,21.710993
48596,37.927284
48597,36.001667
48598,16.876099
48599,18.381308
48600,16.166525
48601,33.814014
48602,34.500202
48603,35.07301
48604,51.46744
48605,56.837036
48606,23.451162
48607,18.214983
48608,26.923944
48609,49.231014
48610,15.877427
48611,27.827755
48612,21.64374
48613,48.069714
48614,17.802729
48615,37.3873
48616,19.591475
48617,29.365671
48618,55.35515
48619,48.547016
48620,37.092655
48621,44.551674
48622,52.159935
48623,28.037493
48624,39.453728
48625,61.105095
48626,22.335028
48627,22.595015
48628,54.421833
48629,28.558432
48630,48.53554
48631,21.906088
48632,18.112888
48633,48.99764
48634,16.415468
48635,42.325287
48636,32.38647
48637,48.90995
48638,24.382576
48639,21.173906
48640,28.00522
48641,27.086115
48642,16.864391
48643,26.021194
48644,54.950565
48645,32.12601
48646,40.770306
48647,26.000834
48648,19.512186
48649,50.46332
48650,18.977152
48651,31.026167
48652,61.211292
48653,32.071198
48654,58.53279
48655,17.054308
48656,51.921688
48657,19.865732
48658,17.985945
48659,23.023222
48660,43.22553
48661,22.130526
48662,39.311806
48663,53.30302
48664,23.178312
48665,28.785273
48666,58.51006
48667,24.870504
48668,41.789707
48669,57.907722
48670,26.97823
48671,30.877092
48672,22.394514
48673,25.303598
48674,36.512356
48675,25.500816
48676,58.978153
48677,35.671482
48678,37.616802
48679,18.586807
48680,16.895845
48681,34.610073
48682,34.975384
48683,59.38142
48684,24.622976
48685,58.136665
48686,17.677923
48687,20.64149
48688,32.467228
48689,38.93581
48690,45.94733
48691,46.616024
48692,57.32938
48693,34.769127
48694,28.45643
48695,65.83356
48696,54.135227
48697,43.572758
48698,63.644855
48699,16.620676
48700,56.87322
48701,50.79088
48702,53.087112
48703,37.96957
48704,51.974823
48705,53.68106
48706,35.207745
48707,18.698145
48708,17.189247
48709,17.355684
48710,27.334185
48711,16.383215
48712,16.911932
48713,24.608503
48714,29.953264
48715,19.0208
48716,19.011942
48717,38.09907
48718,37.980007
48719,42.430996
48720,46.435303
48721,51.811867
48722,64.05033
48723,21.022898
48724,49.45708
48725,39.35532
48726,56.708733
48727,26.40814
48728,16.234116
48729,35.45206
48730,47.799644
48731,18.546076
48732,17.396873
48733,16.454407
48734,25.02128
48735,30.82289
48736,33.033276
48737,22.650906
48738,45.71567
48739,21.633469
48740,20.161371
48741,56.09382
48742,21.787209
48743,35.316135
48744,36.18908
48745,16.218067
48746,30.863297
48747,18.297293
48748,35.601444
48749,19.702204
48750,51.217823
48751,41.250202
48752,19.172575
48753,19.767923
48754,59.382267
48755,16.546219
48756,15.877427
48757,31.881598
48758,16.617598
48759,29.361094
48760,48.03411
48761,32.07969
48762,21.686235
48763,52.195576
48764,46.6491
48765,20.771067
48766,24.984505
48767,19.02948
48768,31.372847
48769,35.24112
48770,43.53574
48771,24.765608
48772,50.964535
48773,58.368137
48774,26.161985
48775,18.596933
48776,21.476542
48777,57.4696
48778,32.07189
48779,38.764862
48780,53.333645
48781,28.291113
48782,49.728916
48783,38.5451
48784,53.860886
48785,36.872356
48786,18.738165
48787,42.170963
48788,32.71149
48789,47.32072
48790,46.35645
48791,30.004307
48792,51.60944
48793,49.596195
48794,32.314625
48795,29.60856
48796,15.877427
48797,55.455345
48798,22.894302
48799,32.446526
48800,31.175272
48801,18.41886
48802,37.78196
48803,56.80349
48804,59.79246
48805,27.569677
48806,33.19896
48807,44.090084
48808,49.396572
48809,25.544394
48810,35.498173
48811,59.733494
48812,35.948795
48813,48.499535
48814,34.85572
48815,56.607815
48816,22.738432
48817,33.97829
48818,45.106743
48819,47.15034
48820,60.274357
48821,35.569958
48822,62.91631
48823,58.15296
48824,44.623135
48825,47.556004
48826,22.84287
48827,45.828457
48828,59.8104
48829,44.8289
48830,43.565636
48831,30.074213
48832,32.936867
48833,17.44111
48834,38.92195
48835,52.30191
48836,20.27533
48837,17.049685
48838,28.11736
48839,17.397253
48840,40.50114
48841,20.990864
48842,23.521149
48843,23.372534
48844,20.019611
48845,23.329409
48846,31.528116
48847,26.702953
48848,18.904753
48849,45.428528
48850,58.38696
48851,29.888256
48852,30.116566
48853,55.252247
48854,17.117939
48855,35.33254
48856,40.734203
48857,22.708961
48858,42.66299
48859,20.976017
48860,60.66902
48861,34.32214
48862,46.118847
48863,26.17422
48864,57.576626
48865,57.061745
48866,38.042202
48867,57.677967
48868,24.483955
48869,22.937798
48870,39.88622
48871,48.958233
48872,16.117735
48873,49.474804
48874,30.416807
48875,20.278315
48876,26.156313
48877,29.133162
48878,21.640856
48879,26.474443
48880,57.874943
48881,39.932247
48882,20.928247
48883,40.629917
48884,36.858265
48885,35.854527
48886,44.797977
48887,55.010044
48888,45.671967
48889,18.94958
48890,20.11783
48891,24.449755
48892,54.533184
48893,24.703253
48894,29.36139
48895,18.542711
48896,52.93796
48897,52.644184
48898,22.018393
48899,45.330917
48900,64.0905
48901,23.203655
48902,40.426033
48903,36.214794
48904,53.77622
48905,26.75656
48906,21.770235
48907,44.872913
48908,19.883814
48909,36.922592
48910,20.96139
48911,47.38876
48912,29.2459
48913,18.784918
48914,42.416683
48915,47.68264
48916,28.121063
48917,21.639524
48918,54.95356
48919,48.20843
48920,46.89827
48921,38.448772
48922,59.487537
48923,44.47994
48924,18.009918
48925,21.503353
48926,37.399193
48927,57.71268
48928,17.051914
48929,54.075947
48930,49.41881
48931,41.9534
48932,54.984142
48933,40.33843
48934,48.275402
48935,49.954792
48936,32.62932
48937,47.41306
48938,59.541813
48939,47.327335
48940,50.92643
48941,24.323751
48942,23.000353
48943,48.71152
48944,42.052475
48945,17.110153
48946,35.76559
48947,35.379185
48948,32.921116
48949,56.8239
48950,49.077457
48951,57.218296
48952,27.778826
48953,20.112158
48954,27.135344
48955,58.742546
48956,36.903194
48957,42.39506
48958,24.803862
48959,28.422056
48960,34.334812
48961,51.79273
48962,19.589748
48963,33.216038
48964,23.82718
48965,63.151836
48966,17.635057
48967,31.469175
48968,24.934776
48969,55.235935
48970,17.724913
48971,26.247908
48972,20.457453
48973,40.232647
48974,34.88148
48975,25.729784
48976,17.93854
48977,22.774992
48978,27.996199
48979,42.107464
48980,56.07201
48981,33.519863
48982,29.813274
48983,55.987347
48984,46.19484
48985,50.532913
48986,29.71028
48987,23.893827
48988,16.62383
48989,37.891666
48990,26.341856
48991,32.598732
48992,60.581097
48993,35.674618
48994,32.590485
48995,23.195702
48996,28.917555
48997,37.096703
48998,54.743973
48999,32.28506
49000,19.851187
49001,41.070934
49002,45.96654
49003,20.250637
49004,27.797468
49005,42.25617
49006,20.452871
49007,19.439116
49008,53.63888
49009,54.34342
49010,46.476868
49011,17.236574
49012,21.245981
49013,43.01194
49014,43.896862
49015,22.26553
49016,35.32233
49017,36.051456
49018,18.626844
49019,34.279625
49020,39.75509
49021,20.349047
49022,23.934088
49023,59.057858
49024,20.674738
49025,38.21269
49026,48.641003
49027,58.85828
49028,22.9094
49029,21.843859
49030,57.22118
49031,23.143414
49032,24.001541
49033,48.094234
49034,33.272343
49035,17.547544
49036,22.540117
49037,36.563267
49038,47.07497
49039,64.38617
49040,59.830853
49041,22.289537
49042,51.985
49043,20.314268
49044,31.01827
49045,39.385498
49046,49.639606
49047,38.823032
49048,30.333887
49049,22.342577
49050,55.92056
49051,25.43316
49052,20.679478
49053,55.599655
49054,18.427742
49055,25.508945
49056,34.014
49057,28.236052
49058,22.5143
49059,35.384716
49060,26.136763
49061,47.889133
49062,24.724066
49063,50.011314
49064,38.41724
49065,28.490194
49066,17.826994
49067,16.545237
49068,26.134275
49069,31.145317
49070,28.044394
49071,54.520958
49072,22.443613
49073,29.23801
49074,48.512447
49075,60.145298
49076,37.416553
49077,54.116665
49078,48.91088
49079,51.567455
49080,17.318441
49081,22.749964
49082,45.190304
49083,31.705845
49084,16.097242
49085,48.437656
49086,15.877427
49087,36.593777
49088,43.444798
49089,21.496176
49090,58.047623
49091,54.919033
49092,54.667652
49093,63.900173
49094,61.27909
49095,45.865116
49096,57.22193
49097,16.19152
49098,55.19942
49099,18.896685
49100,43.996986
49101,34.61722
49102,16.464766
49103,49.851086
49104,44.239956
49105,25.53229
49106,22.224787
49107,29.74904
49108,25.34612
49109,33.371113
49110,26.255823
49111,23.309912
49112,26.567616
49113,20.86479
49114,53.289845
49115,22.569038
49116,58.981564
49117,57.25165
49118,45.046665
49119,19.818613
49120,26.11262
49121,28.704512
49122,49.730576
49123,56.16265
49124,21.397955
49125,50.161846
49126,22.498072
49127,40.933575
49128,42.518795
49129,32.71147
49130,48.275005
49131,54.35912
49132,56.30344
49133,26.825254
49134,40.08604
49135,57.263004
49136,46.30556
49137,25.2562
49138,36.543518
49139,48.406498
49140,17.874763
49141,58.756176
49142,16.526354
49143,45.842815
49144,19.86315
49145,37.511353
49146,16.171766
49147,56.81384
49148,31.763988
49149,36.131596
49150,17.198824
49151,29.323923
49152,17.327354
49153,55.218365
49154,23.106125
49155,40.771694
49156,32.81477
49157,51.08897
49158,25.624199
49159,27.523474
49160,60.23507
49161,22.014265
49162,17.53042
49163,25.071634
49164,39.887287
49165,19.894217
49166,53.98377
49167,17.07323
49168,55.297684
49169,40.327778
49170,56.343456
49171,18.591228
49172,21.55707
49173,45.745075
49174,28.29619
49175,16.315964
49176,53.759808
49177,17.97471
49178,19.18493
49179,29.200346
49180,23.439644
49181,42.691124
49182,49.686268
49183,47.802235
49184,18.585665
49185,48.47112
49186,24.185736
49187,35.985416
49188,21.49077
49189,46.258305
49190,29.549536
49191,39.216496
49192,33.52343
49193,38.76415
49194,26.3791
49195,20.142607
49196,40.60194
49197,37.38198
49198,21.861681
49199,31.011816
49200,35.963497
49201,47.986614
49202,59.857166
49203,28.41564
49204,30.865923
49205,31.361988
49206,36.87267
49207,36.07249
49208,16.101334
49209,42.89887
49210,48.376728
49211,30.009897
49212,54.4682
49213,21.907778
49214,43.58141
49215,32.36073
49216,20.123833
49217,27.046814
49218,40.54336
49219,17.055868
49220,51.47752
49221,16.367172
49222,20.718988
49223,24.073036
49224,50.32555
49225,49.64293
49226,18.587046
49227,46.953842
49228,32.545048
49229,20.44578
49230,16.054914
49231,24.183916
49232,23.484884
49233,43.78393
49234,24.90081
49235,46.35498
49236,15.877427
49237,25.039549
49238,56.728783
49239,49.393494
49240,38.053177
49241,16.534771
49242,18.493933
49243,34.183537
49244,42.03928
49245,15.877427
49246,48.56783
49247,58.988136
49248,47.1602
49249,31.223703
49250,36.111332
49251,32.359745
49252,55.782314
49253,45.288
49254,26.026762
49255,30.767658
49256,62.447693
49257,26.546158
49258,51.92681
49259,47.72197
49260,58.89208
49261,55.84048
49262,53.49975
49263,30.415369
49264,40.98457
49265,39.00736
49266,18.03597
49267,20.149107
49268,50.46402
49269,32.943733
49270,57.088276
49271,21.587082
49272,28.54251
49273,20.624699
49274,42.207893
49275,36.25778
49276,15.877427
49277,31.225813
49278,33.56355
49279,49.196743
49280,15.877427
49281,25.014719
49282,49.909306
49283,24.487713
49284,16.197098
49285,46.767853
49286,49.387604
49287,61.524426
49288,20.361204
49289,46.807095
49290,32.57717
49291,36.399822
49292,44.76404
49293,35.646175
49294,54.112087
49295,34.414875
49296,53.201977
49297,41.886414
49298,17.059147
49299,49.104877
49300,18.477594
49301,30.79277
49302,50.811466
49303,28.90561
49304,33.987904
49305,18.15563
49306,34.32472
49307,20.533516
49308,55.04571
49309,59.730137
49310,18.697691
49311,18.173758
49312,47.16979
49313,20.149221
49314,56.319374
49315,29.099693
49316,50.517925
49317,36.600895
49318,43.98112
49319,36.93104
49320,43.860485
49321,20.380316
49322,17.880404
49323,37.65623
49324,61.387695
49325,30.273985
49326,28.687895
49327,41.537746
49328,23.138552
49329,21.060717
49330,37.303997
49331,22.641457
49332,34.37564
49333,31.944529
49334,41.02103
49335,19.398502
49336,55.733418
49337,35.002346
49338,43.973644
49339,18.179625
49340,52.92748
49341,29.12607
49342,25.081617
49343,23.467102
49344,24.342913
49345,32.378036
49346,42.87611
49347,22.668802
49348,30.332352
49349,54.33575
49350,47.033
49351,51.347248
49352,26.422804
49353,44.578335
49354,36.410114
49355,50.519466
49356,20.737555
49357,25.016161
49358,51.11716
49359,32.042908
49360,42.27454
49361,51.915783
49362,25.29926
49363,34.33495
49364,18.564081
49365,40.717823
49366,52.31628
49367,32.09749
49368,52.001507
49369,24.844206
49370,44.912807
49371,61.544827
49372,52.11026
49373,51.759785
49374,17.151434
49375,28.783897
49376,18.747597
49377,36.81268
49378,30.048803
49379,44.67275
49380,19.610735
49381,30.70618
49382,34.751278
49383,24.209719
49384,56.698524
49385,35.83592
49386,24.829674
49387,39.64239
49388,35.791553
49389,46.543488
49390,32.647346
49391,41.119602
49392,18.027256
49393,15.997746
49394,37.356857
49395,46.32249
49396,42.39012
49397,16.72367
49398,17.331686
49399,36.83131
49400,33.18819
49401,16.440752
49402,20.765509
49403,53.90073
49404,54.900143
49405,19.701351
49406,62.18153
49407,46.4046
49408,39.406963
49409,46.156128
49410,18.09258
49411,17.607794
49412,17.413677
49413,53.5267
49414,42.053394
49415,36.754314
49416,36.73742
49417,37.783382
49418,42.093506
49419,23.36526
49420,47.518856
49421,18.64099
49422,32.556545
49423,34.631573
49424,19.19189
49425,16.187801
49426,59.41097
49427,55.83192
49428,23.697283
49429,55.341213
49430,57.569206
49431,22.008839
49432,50.619305
49433,32.6762
49434,43.47687
49435,43.31917
49436,27.678877
49437,50.653294
49438,24.318392
49439,47.758915
49440,52.289127
49441,16.354609
49442,32.739353
49443,28.19832
49444,24.631247
49445,34.530804
49446,19.025972
49447,15.877428
49448,46.455215
49449,21.64741
49450,18.175978
49451,57.91533
49452,20.768644
49453,18.773645
49454,40.925564
49455,17.981138
49456,51.384365
49457,30.612637
49458,61.017216
49459,19.704857
49460,51.43331
49461,34.031895
49462,59.931828
49463,24.218424
49464,33.78335
49465,62.158054
49466,30.071741
49467,42.232452
49468,24.08171
49469,61.454594
49470,17.631735
49471,30.446177
49472,16.304842
49473,48.343594
49474,58.60876
49475,17.186789
49476,23.378302
49477,24.96223
49478,38.23923
49479,25.713987
49480,29.564215
49481,39.85783
49482,41.736477
49483,22.718199
49484,19.558887
49485,53.06463
49486,20.039473
49487,56.095097
49488,25.376347
49489,17.682348
49490,49.524784
49491,39.649868
49492,32.198753
49493,36.492176
49494,22.155478
49495,27.408155
49496,30.562449
49497,41.7025
49498,45.99471
49499,37.730373
49500,50.22083
49501,47.67158
49502,35.696224
49503,23.507729
49504,17.74318
49505,27.33946
49506,32.87612
49507,41.92175
49508,29.12939
49509,59.63181
49510,62.651314
49511,49.694607
49512,58.516926
49513,58.900364
49514,52.1694
49515,44.804493
49516,26.21866
49517,33.05993
49518,58.49229
49519,32.002563
49520,58.256855
49521,29.416422
49522,22.427874
49523,52.86707
49524,29.263124
49525,17.977182
49526,20.482027
49527,28.05459
49528,36.917046
49529,33.32614
49530,39.20487
49531,18.50579
49532,32.130726
49533,52.256046
49534,19.879025
49535,46.404766
49536,37.37434
49537,60.749393
49538,27.127901
49539,23.078268
49540,25.119379
49541,56.99303
49542,58.29655
49543,38.30959
49544,24.462698
49545,50.823856
49546,21.808252
49547,18.15191
49548,52.54675
49549,21.348185
49550,36.885746
49551,57.4005
49552,41.85793
49553,23.806135
49554,23.255735
49555,27.036715
49556,18.08608
49557,26.697653
49558,45.704716
49559,40.764034
49560,56.417294
49561,41.812687
49562,32.8944
49563,52.50279
49564,55.514027
49565,16.538807
49566,22.074854
49567,44.367664
49568,42.209267
49569,52.10277
49570,47.59943
49571,19.859737
49572,60.517796
49573,59.60174
49574,60.833157
49575,18.38181
49576,55.245445
49577,46.017147
49578,49.768738
49579,29.75723
49580,44.67451
49581,58.297787
49582,22.368975
49583,27.008558
49584,46.964764
49585,55.109013
49586,19.474031
49587,25.680712
49588,16.807293
49589,22.903574
49590,49.18188
49591,40.517933
49592,41.615833
49593,20.617498
49594,16.169424
49595,59.748524
49596,28.129923
49597,28.355476
49598,19.596949
49599,23.891167
49600,32.03708
49601,36.2502
49602,47.54305
49603,19.998442
49604,16.251955
49605,16.173794
49606,16.934778
49607,45.98196
49608,48.65436
49609,36.17991
49610,61.235714
49611,17.674387
49612,30.482698
49613,60.787945
49614,19.365759
49615,24.860132
49616,26.790705
49617,59.500126
49618,36.417797
49619,26.484201
49620,25.851763
49621,30.671812
49622,38.23821
49623,25.25347
49624,61.277905
49625,20.245234
49626,33.604305
49627,49.821968
49628,44.864086
49629,35.209896
49630,56.945538
49631,24.11
49632,31.288988
49633,62.276863
49634,36.626827
49635,21.475222
49636,50.133217
49637,36.186977
49638,31.87725
49639,59.56753
49640,20.148542
49641,44.74555
49642,32.47156
49643,35.111103
49644,60.851967
49645,20.954145
49646,52.07629
49647,17.25152
49648,24.784258
49649,17.508654
49650,48.843304
49651,27.360872
49652,62.25893
49653,52.167545
49654,43.689804
49655,55.545673
49656,39.177452
49657,25.228415
49658,47.186016
49659,18.314344
49660,18.417904
49661,25.071423
49662,16.460314
49663,43.792164
49664,43.45737
49665,45.94473
49666,35.249046
49667,23.395618
49668,56.12613
49669,56.176403
49670,58.685093
49671,46.752644
49672,16.880653
49673,15.877427
49674,37.111263
49675,25.748186
49676,22.961468
49677,22.395256
49678,56.97965
49679,23.003237
49680,44.70518
49681,26.874056
49682,47.648273
49683,48.209263
49684,15.877427
49685,16.301767
49686,28.172495
49687,16.808655
49688,17.322073
49689,17.075533
49690,17.671635
49691,30.52082
49692,35.33243
49693,40.016155
49694,17.553705
49695,29.80824
49696,32.966766
49697,47.517056
49698,37.603092
49699,28.107363
49700,37.170673
49701,16.727062
49702,16.3495
49703,19.679157
49704,47.822163
49705,25.581734
49706,21.09027
49707,20.687826
49708,26.104275
49709,56.602085
49710,27.428577
49711,55.327168
49712,55.612843
49713,33.80698
49714,33.01018
49715,19.538082
49716,53.875134
49717,40.34603
49718,17.804352
49719,58.070713
49720,23.4044
49721,45.485836
49722,58.95493
49723,38.364895
49724,33.40331
49725,36.631374
49726,29.909113
49727,25.464514
49728,17.44968
49729,53.19189
49730,39.8197
49731,54.15636
49732,57.11091
49733,42.90404
49734,27.302027
49735,44.027203
49736,52.912197
49737,16.719105
49738,25.84549
49739,38.516827
49740,34.478954
49741,31.222546
49742,15.877427
49743,51.238457
49744,54.539135
49745,55.44116
49746,20.666483
49747,65.14867
49748,41.332462
49749,21.012245
49750,29.687372
49751,19.099064
49752,20.80299
49753,47.002377
49754,19.139925
49755,50.579357
49756,49.75927
49757,28.22718
49758,22.71488
49759,57.78935
49760,57.43877
49761,49.902493
49762,36.16585
49763,21.704247
49764,57.650524
49765,50.318207
49766,24.525364
49767,21.327202
49768,16.321898
49769,52.388042
49770,17.350164
49771,54.204647
49772,64.73367
49773,26.204332
49774,23.41408
49775,44.421482
49776,28.49174
49777,57.018795
49778,36.129883
49779,18.880007
49780,46.091515
49781,41.365
49782,44.287582
49783,28.830164
49784,25.427313
49785,53.049885
49786,24.838076
49787,16.821692
49788,28.262457
49789,20.196774
49790,58.714573
49791,21.452768
49792,60.365814
49793,43.24501
49794,36.12563
49795,51.56959
49796,32.66901
49797,15.877427
49798,29.292685
49799,36.72394
49800,43.424
49801,20.628735
49802,25.982462
49803,49.106617
49804,25.76096
49805,51.678265
49806,57.42449
49807,44.753155
49808,24.754148
49809,18.856306
49810,40.116455
49811,16.580717
49812,39.672085
49813,24.138903
49814,44.948208
49815,25.921812
49816,34.581936
49817,49.535362
49818,58.12653
49819,22.960508
49820,49.218067
49821,31.487993
49822,43.383926
49823,50.707306
49824,21.251919
49825,26.870726
49826,46.72731
49827,34.064278
49828,45.165546
49829,22.41377
49830,42.801075
49831,29.504622
49832,18.37226
49833,21.523397
49834,56.97434
49835,46.86874
49836,36.23808
49837,17.764814
49838,22.088259
49839,20.141962
49840,38.96863
49841,28.683752
49842,16.008814
49843,49.403515
49844,59.05952
49845,25.9363
49846,47.46271
49847,18.665136
49848,39.702145
49849,56.78932
49850,29.603296
49851,35.531857
49852,21.131887
49853,19.164476
49854,51.17075
49855,47.404655
49856,60.599438
49857,58.059708
49858,50.589165
49859,51.334576
49860,20.03025
49861,32.030113
49862,25.934078
49863,22.060709
49864,25.912865
49865,16.962362
49866,44.32787
49867,59.729282
49868,16.526552
49869,57.795258
49870,54.30862
49871,22.86536
49872,54.173763
49873,31.417467
49874,50.44705
49875,21.956861
49876,16.404947
49877,34.349945
49878,33.596428
49879,25.15851
49880,52.136154
49881,21.142036
49882,26.700819
49883,21.950033
49884,22.12704
49885,36.363922
49886,31.493803
49887,29.823172
49888,15.877427
49889,39.408054
49890,34.127842
49891,50.5098
49892,49.25282
49893,16.757572
49894,32.763622
49895,18.498735
49896,18.071589
49897,46.34109
49898,44.67194
49899,57.905907
49900,62.111294
49901,50.562557
49902,16.247435
49903,17.2592
49904,31.997969
49905,62.835014
49906,51.29611
49907,24.053305
49908,43.73363
49909,18.709066
49910,22.60249
49911,61.30865
49912,35.94253
49913,42.628918
49914,16.317114
49915,39.67667
49916,43.497585
49917,53.8956
49918,57.241188
49919,57.02247
49920,53.195408
49921,31.299969
49922,47.62548
49923,62.062405
49924,26.716082
49925,50.528423
49926,23.737059
49927,19.946898
49928,18.308054
49929,22.248167
49930,55.24167
49931,19.463617
49932,36.00033
49933,48.11143
49934,42.124027
49935,50.536537
49936,43.607258
49937,16.7405
49938,18.567009
49939,41.279514
49940,19.297823
49941,55.442593
49942,24.868544
49943,52.925526
49944,45.02846
49945,55.308277
49946,55.695545
49947,59.36734
49948,37.19449
49949,16.207594
49950,30.79227
49951,57.29051
49952,34.45518
49953,32.72488
49954,62.26146
49955,54.533146
49956,59.43609
49957,26.73543
49958,36.437954
49959,18.744709
49960,39.28477
49961,17.009884
49962,39.723663
49963,54.963764
49964,24.689266
49965,17.626753
49966,23.359278
49967,16.216324
49968,23.56775
49969,58.2695
49970,35.995686
49971,48.083725
49972,27.106493
49973,57.382885
49974,31.29073
49975,34.517033
49976,44.48602
49977,29.781881
49978,22.195248
49979,20.707207
49980,31.935349
49981,15.877427
49982,59.63412
49983,34.626125
49984,30.873892
49985,44.954098
49986,26.245224
49987,62.950676
49988,46.387547
49989,34.608913
49990,21.879568
49991,46.83504
49992,25.365244
49993,55.656086
49994,16.165102
49995,56.081432
49996,35.408283
49997,41.831528
49998,56.791477
49999,25.542858
50000,33.867634
